-- =============================================================
-- YoRHa-HexFlow Seed Data
-- 说明: 包含算子模板和示例指令的初始化数据
-- 执行顺序: 先运行 schema.sql 建表，再运行本文件
-- =============================================================

-- ----- 1. 算子模板 (Operator Templates) -----
INSERT INTO `operator_templates` (`op_code`, `name`, `category`, `param_template`, `description`) VALUES ('ARRAY_GROUP', '嵌套组', 'STRUCT', '{\"max_count\": \"number\"}', '循环容器');
INSERT INTO `operator_templates` (`op_code`, `name`, `category`, `param_template`, `description`) VALUES ('AUTO_COUNTER', '自动计数', 'DYNAMIC', '{\"max\": 65535, \"step\": 1, \"start_val\": 0}', '(Current+Step)%Max');
INSERT INTO `operator_templates` (`op_code`, `name`, `category`, `param_template`, `description`) VALUES ('BCD_CODE', 'BCD码', 'ENCODING', '{\"bytes\": \"number\"}', 'Binary Coded Decimal');
INSERT INTO `operator_templates` (`op_code`, `name`, `category`, `param_template`, `description`) VALUES ('CHECKSUM_CRC', '校验码', 'LOGIC', '{\"algo\": [\"CRC16_CCITT\", \"CRC32\", \"XOR_SUM\", \"ADD_SUM\"], \"refs\": \"field_picker\"}', 'CRC/Sum/Xor校验');
INSERT INTO `operator_templates` (`op_code`, `name`, `category`, `param_template`, `description`) VALUES ('FLOAT_IEEE', '浮点数', 'NUMERIC', '{\"bits\": [32, 64]}', 'IEEE 754');
INSERT INTO `operator_templates` (`op_code`, `name`, `category`, `param_template`, `description`) VALUES ('HEX_RAW', '原始Hex', 'BASE', '{\"hex\": \"input\"}', '固定十六进制值');
INSERT INTO `operator_templates` (`op_code`, `name`, `category`, `param_template`, `description`) VALUES ('INT_SIGNED', '有符号整数', 'NUMERIC', '{\"bits\": [8, 16, 32, 64]}', '补码整数');
INSERT INTO `operator_templates` (`op_code`, `name`, `category`, `param_template`, `description`) VALUES ('INT_UNSIGNED', '无符号整数', 'NUMERIC', '{\"bits\": [8, 16, 32, 64]}', '标准整数');
INSERT INTO `operator_templates` (`op_code`, `name`, `category`, `param_template`, `description`) VALUES ('LENGTH_CALC', '长度计算', 'LOGIC', '{\"refs\": \"field_picker\", \"formula\": \"string\"}', '基于公式计算字段长度');
INSERT INTO `operator_templates` (`op_code`, `name`, `category`, `param_template`, `description`) VALUES ('MAPPING', '枚举映射', 'LOGIC', '{\"options\": \"kv_pair_list\"}', '状态位映射');
INSERT INTO `operator_templates` (`op_code`, `name`, `category`, `param_template`, `description`) VALUES ('SCALED_DECIMAL', '比例小数', 'NUMERIC', '{\"factor\": \"number\", \"offset\": \"number\"}', '公式: (In+Offset)*Factor');
INSERT INTO `operator_templates` (`op_code`, `name`, `category`, `param_template`, `description`) VALUES ('TIME_ACCUMULATOR', '时间累积', 'DYNAMIC', '{\"base_time\": \"1980-01-01T00:00:00\"}', 'Current - BaseTime');

-- ----- 2. 示例指令 (Sample Instructions) -----
INSERT INTO `instructions` (`id`, `device_code`, `code`, `name`, `type`, `description`, `created_at`, `updated_at`) VALUES ('0a720066-28c6-4b3d-8e82-11c74642705f', 'DEV-001', 'CMD - 954 ', '嵌套指令', 'STATIC', NULL, '2026-01-27 08:19:15', '2026-01-27 08:52:20');
INSERT INTO `instructions` (`id`, `device_code`, `code`, `name`, `type`, `description`, `created_at`, `updated_at`) VALUES ('29d594d8-5626-47de-9cf6-227ac238d2a0', 'DEV-001', 'CMD - 584', '记忆', 'STATIC', NULL, '2026-01-27 09:31:08', '2026-01-27 09:31:18');
INSERT INTO `instructions` (`id`, `device_code`, `code`, `name`, `type`, `description`, `created_at`, `updated_at`) VALUES ('a6bb8d43-faa0-45d1-8738-4e17cf5efc45', 'DEV-001', 'CMD - 56 ', 'New Instruction 38', 'STATIC', NULL, '2026-01-28 06:07:19', '2026-01-28 06:07:19');
INSERT INTO `instructions` (`id`, `device_code`, `code`, `name`, `type`, `description`, `created_at`, `updated_at`) VALUES ('a822d6f5-9b07-4d7d-8a17-b9a2c8c6f867', 'DEV-001', 'CMD - 724 ', 'New Instruction1', 'STATIC', NULL, '2026-01-27 08:01:10', '2026-01-27 09:00:44');
INSERT INTO `instructions` (`id`, `device_code`, `code`, `name`, `type`, `description`, `created_at`, `updated_at`) VALUES ('b7c93a39-39b8-4601-a5b2-1009d996c425', 'DEV-001', 'CMD - 636 ', 'New Instruction2', 'STATIC', NULL, '2026-01-27 07:49:08', '2026-01-27 09:01:41');
INSERT INTO `instructions` (`id`, `device_code`, `code`, `name`, `type`, `description`, `created_at`, `updated_at`) VALUES ('c2c6da61-c9a7-43e9-bc2e-7340b86dada1', 'DEV-001', 'CMD - 551 ', 'New Instruction3', 'STATIC', NULL, '2026-01-27 06:34:33', '2026-01-27 09:11:18');
INSERT INTO `instructions` (`id`, `device_code`, `code`, `name`, `type`, `description`, `created_at`, `updated_at`) VALUES ('c642b7f1-f479-427d-8e32-51d1e2f142fc', 'DEV-001', 'CMD-233', '动态指令', 'STATIC', NULL, '2026-01-26 17:25:29', '2026-01-26 18:15:18');
INSERT INTO `instructions` (`id`, `device_code`, `code`, `name`, `type`, `description`, `created_at`, `updated_at`) VALUES ('d9f6c376-f1fa-4180-9cf9-7de3005ad712', 'DEV-001', 'CMD - 95 ', 'New Instruction 143', 'STATIC', NULL, '2026-01-27 09:13:59', '2026-01-27 09:13:59');
INSERT INTO `instructions` (`id`, `device_code`, `code`, `name`, `type`, `description`, `created_at`, `updated_at`) VALUES ('edc02488-69f5-4538-99f0-4e935a2be4b1', 'DEV-001', 'CMD - 787 ', 'New Instruction4', 'STATIC', NULL, '2026-01-27 06:28:39', '2026-01-27 09:11:20');

-- ----- 3. 示例指令字段 (Sample Instruction Fields) -----
INSERT INTO `instruction_fields` (`id`, `instruction_id`, `parent_id`, `sequence`, `name`, `op_code`, `byte_len`, `endianness`, `repeat_type`, `repeat_ref_id`, `repeat_count`, `parameter_config`) VALUES ('0432df85-05eb-4eea-8120-9cb8c6320399', '0a720066-28c6-4b3d-8e82-11c74642705f', '13912173-b860-428a-9d22-9f59c2888fcf', 5, '校验码_1', 'CHECKSUM_CRC', 1, 'BIG', 'NONE', NULL, 1, '{\"refs\": [\"d871af64-394c-4a09-9587-edfe2f5fac20\", \"d2553a21-7bbf-4643-8d86-e35b0634ea88\", \"6a344687-dabd-4386-a394-bfcb2ae890cb\", \"ae090c0e-7876-48c3-bc03-54ff90317d86\"]}');
INSERT INTO `instruction_fields` (`id`, `instruction_id`, `parent_id`, `sequence`, `name`, `op_code`, `byte_len`, `endianness`, `repeat_type`, `repeat_ref_id`, `repeat_count`, `parameter_config`) VALUES ('072bac4e-0193-43a3-93c0-cac72fbdb171', 'c642b7f1-f479-427d-8e32-51d1e2f142fc', NULL, 2, '枚举映射', 'MAPPING', 2, 'BIG', 'NONE', NULL, 1, '{\"options\": {\"标签1\": \"FF00\", \"标签2\": \"02DD\", \"标签3\": \"01FF\"}}');
INSERT INTO `instruction_fields` (`id`, `instruction_id`, `parent_id`, `sequence`, `name`, `op_code`, `byte_len`, `endianness`, `repeat_type`, `repeat_ref_id`, `repeat_count`, `parameter_config`) VALUES ('09a83a17-34b4-4f59-afea-234e2ce11070', '0a720066-28c6-4b3d-8e82-11c74642705f', '29ca53d6-d05b-4518-b2f0-e0f7f000dd8b', 2, '嵌套组_2', 'ARRAY_GROUP', 0, 'BIG', 'NONE', NULL, 1, '{\"max_count\": 1}');
INSERT INTO `instruction_fields` (`id`, `instruction_id`, `parent_id`, `sequence`, `name`, `op_code`, `byte_len`, `endianness`, `repeat_type`, `repeat_ref_id`, `repeat_count`, `parameter_config`) VALUES ('129d88fd-c29f-4c97-ba64-ad91b2c6e19b', 'edc02488-69f5-4538-99f0-4e935a2be4b1', NULL, 2, '长度计算', 'LENGTH_CALC', 1, 'BIG', 'NONE', NULL, 1, '{\"refs\": [\"1abd90ab-89c6-4659-9c0b-7fc1dea45f61\", \"66d988a1-cee6-4160-9939-3fed939f86a4\"], \"formula\": \"[原始HexHeader] + [原始Hex]\", \"computedValue\": \"02\"}');
INSERT INTO `instruction_fields` (`id`, `instruction_id`, `parent_id`, `sequence`, `name`, `op_code`, `byte_len`, `endianness`, `repeat_type`, `repeat_ref_id`, `repeat_count`, `parameter_config`) VALUES ('13912173-b860-428a-9d22-9f59c2888fcf', '0a720066-28c6-4b3d-8e82-11c74642705f', NULL, 3, '嵌套组', 'ARRAY_GROUP', 0, 'BIG', 'NONE', NULL, 1, '{\"max_count\": 1}');
INSERT INTO `instruction_fields` (`id`, `instruction_id`, `parent_id`, `sequence`, `name`, `op_code`, `byte_len`, `endianness`, `repeat_type`, `repeat_ref_id`, `repeat_count`, `parameter_config`) VALUES ('19fe27fb-fc29-46b5-9e8f-c0fc997c1544', '0a720066-28c6-4b3d-8e82-11c74642705f', '29ca53d6-d05b-4518-b2f0-e0f7f000dd8b', 0, '原始Hex_3', 'HEX_RAW', 1, 'BIG', 'NONE', NULL, 1, '{\"hex\": \"AA\"}');
INSERT INTO `instruction_fields` (`id`, `instruction_id`, `parent_id`, `sequence`, `name`, `op_code`, `byte_len`, `endianness`, `repeat_type`, `repeat_ref_id`, `repeat_count`, `parameter_config`) VALUES ('1a20549f-d5d7-4f25-93b9-5df43a1c568c', 'a822d6f5-9b07-4d7d-8a17-b9a2c8c6f867', NULL, 0, '原始Hex', 'HEX_RAW', 1, 'BIG', 'NONE', NULL, 1, '{\"hex\": \"00\"}');
INSERT INTO `instruction_fields` (`id`, `instruction_id`, `parent_id`, `sequence`, `name`, `op_code`, `byte_len`, `endianness`, `repeat_type`, `repeat_ref_id`, `repeat_count`, `parameter_config`) VALUES ('1abd90ab-89c6-4659-9c0b-7fc1dea45f61', 'edc02488-69f5-4538-99f0-4e935a2be4b1', NULL, 0, '原始HexHeader', 'HEX_RAW', 1, 'BIG', 'NONE', NULL, 1, '{\"hex\": \"00\"}');
INSERT INTO `instruction_fields` (`id`, `instruction_id`, `parent_id`, `sequence`, `name`, `op_code`, `byte_len`, `endianness`, `repeat_type`, `repeat_ref_id`, `repeat_count`, `parameter_config`) VALUES ('290d0025-1cf4-4a29-8b2e-0153e952bb1f', '29d594d8-5626-47de-9cf6-227ac238d2a0', 'a36a6e56-6edb-40cd-8bab-6fb02aad231b', 2, '浮点数', 'FLOAT_IEEE', 4, 'BIG', 'NONE', NULL, 1, '{\"bits\": 32}');
INSERT INTO `instruction_fields` (`id`, `instruction_id`, `parent_id`, `sequence`, `name`, `op_code`, `byte_len`, `endianness`, `repeat_type`, `repeat_ref_id`, `repeat_count`, `parameter_config`) VALUES ('293cdbd2-9269-424d-9710-bdabb080a002', 'b7c93a39-39b8-4601-a5b2-1009d996c425', NULL, 0, '原始Hex', 'HEX_RAW', 1, 'BIG', 'NONE', NULL, 1, '{\"hex\": \"00\"}');
INSERT INTO `instruction_fields` (`id`, `instruction_id`, `parent_id`, `sequence`, `name`, `op_code`, `byte_len`, `endianness`, `repeat_type`, `repeat_ref_id`, `repeat_count`, `parameter_config`) VALUES ('29ca53d6-d05b-4518-b2f0-e0f7f000dd8b', '0a720066-28c6-4b3d-8e82-11c74642705f', NULL, 6, '嵌套组_1', 'ARRAY_GROUP', 0, 'BIG', 'NONE', NULL, 1, '{\"max_count\": 1}');
INSERT INTO `instruction_fields` (`id`, `instruction_id`, `parent_id`, `sequence`, `name`, `op_code`, `byte_len`, `endianness`, `repeat_type`, `repeat_ref_id`, `repeat_count`, `parameter_config`) VALUES ('35f5b642-c17a-4706-af99-94eadc77cef1', '0a720066-28c6-4b3d-8e82-11c74642705f', '09a83a17-34b4-4f59-afea-234e2ce11070', 0, '枚举映射_1', 'MAPPING', 1, 'BIG', 'NONE', NULL, 1, '{\"options\": {\"测试选项\": \"CC\", \"测试选项1\": \"BB\"}}');
INSERT INTO `instruction_fields` (`id`, `instruction_id`, `parent_id`, `sequence`, `name`, `op_code`, `byte_len`, `endianness`, `repeat_type`, `repeat_ref_id`, `repeat_count`, `parameter_config`) VALUES ('38d767fb-6722-4e18-9dea-517d14b5166a', '0a720066-28c6-4b3d-8e82-11c74642705f', 'd2553a21-7bbf-4643-8d86-e35b0634ea88', 1, '长度计算_2', 'LENGTH_CALC', 1, 'BIG', 'NONE', NULL, 1, '{\"refs\": [\"7c5b29c0-303d-4f3c-8dac-cb6155f4dfb2\"], \"formula\": \"[原始Hex_2] \", \"computedValue\": \"01\"}');
INSERT INTO `instruction_fields` (`id`, `instruction_id`, `parent_id`, `sequence`, `name`, `op_code`, `byte_len`, `endianness`, `repeat_type`, `repeat_ref_id`, `repeat_count`, `parameter_config`) VALUES ('3b9d3058-29db-4555-b7b3-04f5eff1806a', '0a720066-28c6-4b3d-8e82-11c74642705f', 'd2553a21-7bbf-4643-8d86-e35b0634ea88', 2, '校验码_2', 'CHECKSUM_CRC', 1, 'BIG', 'NONE', NULL, 1, '{\"refs\": [\"7c5b29c0-303d-4f3c-8dac-cb6155f4dfb2\", \"38d767fb-6722-4e18-9dea-517d14b5166a\"]}');
INSERT INTO `instruction_fields` (`id`, `instruction_id`, `parent_id`, `sequence`, `name`, `op_code`, `byte_len`, `endianness`, `repeat_type`, `repeat_ref_id`, `repeat_count`, `parameter_config`) VALUES ('3c662fc6-8c26-42f0-9ff2-d0495b65a6de', '0a720066-28c6-4b3d-8e82-11c74642705f', NULL, 1, '时间累积_1', 'TIME_ACCUMULATOR', 2, 'BIG', 'NONE', NULL, 1, '{\"base_time\": \"1980-01-01T00:00:00\", \"computedValue\": \"A5\"}');
INSERT INTO `instruction_fields` (`id`, `instruction_id`, `parent_id`, `sequence`, `name`, `op_code`, `byte_len`, `endianness`, `repeat_type`, `repeat_ref_id`, `repeat_count`, `parameter_config`) VALUES ('402f0e7c-c94c-4ee3-993f-1966cefc5f45', 'c2c6da61-c9a7-43e9-bc2e-7340b86dada1', NULL, 1, 'C', 'HEX_RAW', 3, 'BIG', 'NONE', NULL, 1, '{\"hex\": \"0000FF\"}');
INSERT INTO `instruction_fields` (`id`, `instruction_id`, `parent_id`, `sequence`, `name`, `op_code`, `byte_len`, `endianness`, `repeat_type`, `repeat_ref_id`, `repeat_count`, `parameter_config`) VALUES ('4a931b88-df6f-4c99-97dd-75e1e076220d', '29d594d8-5626-47de-9cf6-227ac238d2a0', 'a36a6e56-6edb-40cd-8bab-6fb02aad231b', 4, '浮点数_2', 'FLOAT_IEEE', 4, 'BIG', 'NONE', NULL, 1, '{\"bits\": 32}');
INSERT INTO `instruction_fields` (`id`, `instruction_id`, `parent_id`, `sequence`, `name`, `op_code`, `byte_len`, `endianness`, `repeat_type`, `repeat_ref_id`, `repeat_count`, `parameter_config`) VALUES ('4c4a8df0-3d7b-4430-8060-859fa1a163aa', '0a720066-28c6-4b3d-8e82-11c74642705f', NULL, 0, '原始Hex', 'HEX_RAW', 3, 'BIG', 'NONE', NULL, 1, '{\"hex\": \"AEDDFA\"}');
INSERT INTO `instruction_fields` (`id`, `instruction_id`, `parent_id`, `sequence`, `name`, `op_code`, `byte_len`, `endianness`, `repeat_type`, `repeat_ref_id`, `repeat_count`, `parameter_config`) VALUES ('4c4cc826-a395-415e-bb13-fd7ccf930bcc', 'a822d6f5-9b07-4d7d-8a17-b9a2c8c6f867', NULL, 2, '原始Hex_2', 'HEX_RAW', 1, 'BIG', 'NONE', NULL, 1, '{\"hex\": \"00\"}');
INSERT INTO `instruction_fields` (`id`, `instruction_id`, `parent_id`, `sequence`, `name`, `op_code`, `byte_len`, `endianness`, `repeat_type`, `repeat_ref_id`, `repeat_count`, `parameter_config`) VALUES ('4f8972a5-2bf6-41e9-8ce6-50da5f2db2f6', 'a822d6f5-9b07-4d7d-8a17-b9a2c8c6f867', 'dc114831-a296-4015-8315-ed36cc888e7c', 0, '原始Hex_1', 'HEX_RAW', 1, 'BIG', 'NONE', NULL, 1, '{\"hex\": \"00\"}');
INSERT INTO `instruction_fields` (`id`, `instruction_id`, `parent_id`, `sequence`, `name`, `op_code`, `byte_len`, `endianness`, `repeat_type`, `repeat_ref_id`, `repeat_count`, `parameter_config`) VALUES ('5197d886-cab6-4d57-99c7-d6df9ade8298', '29d594d8-5626-47de-9cf6-227ac238d2a0', NULL, 3, '校验码', 'CHECKSUM_CRC', 1, 'BIG', 'NONE', NULL, 1, '{\"algo\": \"CRC32\", \"refs\": [\"616edbdf-60af-4de1-9f99-c957234601fa\", \"a36a6e56-6edb-40cd-8bab-6fb02aad231b\", \"d2a91a87-9d97-462f-9ba7-106238045567\"]}');
INSERT INTO `instruction_fields` (`id`, `instruction_id`, `parent_id`, `sequence`, `name`, `op_code`, `byte_len`, `endianness`, `repeat_type`, `repeat_ref_id`, `repeat_count`, `parameter_config`) VALUES ('5de9e521-8c7a-4a9e-8796-89aa0cea09d1', 'a822d6f5-9b07-4d7d-8a17-b9a2c8c6f867', NULL, 1, '嵌套组_1', 'ARRAY_GROUP', 0, 'BIG', 'NONE', NULL, 1, '{\"max_count\": 1}');
INSERT INTO `instruction_fields` (`id`, `instruction_id`, `parent_id`, `sequence`, `name`, `op_code`, `byte_len`, `endianness`, `repeat_type`, `repeat_ref_id`, `repeat_count`, `parameter_config`) VALUES ('5e774e4d-fbde-4344-ab29-72aa119ba90d', 'a822d6f5-9b07-4d7d-8a17-b9a2c8c6f867', '5de9e521-8c7a-4a9e-8796-89aa0cea09d1', 1, '自动计数', 'AUTO_COUNTER', 1, 'BIG', 'NONE', NULL, 1, '{\"max\": 65535, \"step\": 1, \"start_val\": 1, \"computedValue\": \"00\"}');
INSERT INTO `instruction_fields` (`id`, `instruction_id`, `parent_id`, `sequence`, `name`, `op_code`, `byte_len`, `endianness`, `repeat_type`, `repeat_ref_id`, `repeat_count`, `parameter_config`) VALUES ('616edbdf-60af-4de1-9f99-c957234601fa', '29d594d8-5626-47de-9cf6-227ac238d2a0', NULL, 0, '原始Hex', 'HEX_RAW', 1, 'BIG', 'NONE', NULL, 1, '{\"hex\": \"AE\"}');
INSERT INTO `instruction_fields` (`id`, `instruction_id`, `parent_id`, `sequence`, `name`, `op_code`, `byte_len`, `endianness`, `repeat_type`, `repeat_ref_id`, `repeat_count`, `parameter_config`) VALUES ('66d988a1-cee6-4160-9939-3fed939f86a4', 'edc02488-69f5-4538-99f0-4e935a2be4b1', NULL, 1, '原始Hex', 'HEX_RAW', 1, 'BIG', 'NONE', NULL, 1, '{\"hex\": \"00\"}');
INSERT INTO `instruction_fields` (`id`, `instruction_id`, `parent_id`, `sequence`, `name`, `op_code`, `byte_len`, `endianness`, `repeat_type`, `repeat_ref_id`, `repeat_count`, `parameter_config`) VALUES ('6a344687-dabd-4386-a394-bfcb2ae890cb', '0a720066-28c6-4b3d-8e82-11c74642705f', '13912173-b860-428a-9d22-9f59c2888fcf', 3, '枚举映射', 'MAPPING', 1, 'BIG', 'NONE', NULL, 1, '{\"options\": {\"选项1\": \"AA\", \"选项2\": \"01\"}}');
INSERT INTO `instruction_fields` (`id`, `instruction_id`, `parent_id`, `sequence`, `name`, `op_code`, `byte_len`, `endianness`, `repeat_type`, `repeat_ref_id`, `repeat_count`, `parameter_config`) VALUES ('6c70c391-2e0e-4470-b172-14f8c1b40638', 'c2c6da61-c9a7-43e9-bc2e-7340b86dada1', NULL, 3, '校验码', 'CHECKSUM_CRC', 1, 'BIG', 'NONE', NULL, 1, '{\"refs\": [\"f7ea45ce-f15d-4792-96c9-760edbb9021c\", \"c2f6a1e9-ca88-42c5-b0d2-7a158016a925\", \"402f0e7c-c94c-4ee3-993f-1966cefc5f45\"]}');
INSERT INTO `instruction_fields` (`id`, `instruction_id`, `parent_id`, `sequence`, `name`, `op_code`, `byte_len`, `endianness`, `repeat_type`, `repeat_ref_id`, `repeat_count`, `parameter_config`) VALUES ('7c5b29c0-303d-4f3c-8dac-cb6155f4dfb2', '0a720066-28c6-4b3d-8e82-11c74642705f', 'd2553a21-7bbf-4643-8d86-e35b0634ea88', 0, '原始Hex_2', 'HEX_RAW', 2, 'BIG', 'NONE', NULL, 1, '{\"hex\": \"ADEE\"}');
INSERT INTO `instruction_fields` (`id`, `instruction_id`, `parent_id`, `sequence`, `name`, `op_code`, `byte_len`, `endianness`, `repeat_type`, `repeat_ref_id`, `repeat_count`, `parameter_config`) VALUES ('8303cbad-b647-4337-94b4-f21e13ac0df3', '0a720066-28c6-4b3d-8e82-11c74642705f', '29ca53d6-d05b-4518-b2f0-e0f7f000dd8b', 1, '自动计数', 'AUTO_COUNTER', 1, 'BIG', 'NONE', NULL, 1, '{\"max\": 65535, \"step\": 1, \"start_val\": 0}');
INSERT INTO `instruction_fields` (`id`, `instruction_id`, `parent_id`, `sequence`, `name`, `op_code`, `byte_len`, `endianness`, `repeat_type`, `repeat_ref_id`, `repeat_count`, `parameter_config`) VALUES ('8d3dfc63-d9f8-428b-b609-7118359ca4a4', '0a720066-28c6-4b3d-8e82-11c74642705f', '09a83a17-34b4-4f59-afea-234e2ce11070', 1, '原始Hex_4', 'HEX_RAW', 1, 'BIG', 'NONE', NULL, 1, '{\"hex\": \"00\"}');
INSERT INTO `instruction_fields` (`id`, `instruction_id`, `parent_id`, `sequence`, `name`, `op_code`, `byte_len`, `endianness`, `repeat_type`, `repeat_ref_id`, `repeat_count`, `parameter_config`) VALUES ('9c551ff4-bd7d-4e10-a743-fb5fe1dce555', '0a720066-28c6-4b3d-8e82-11c74642705f', '09a83a17-34b4-4f59-afea-234e2ce11070', 2, '长度计算_3', 'LENGTH_CALC', 1, 'BIG', 'NONE', NULL, 1, '{\"refs\": [\"35f5b642-c17a-4706-af99-94eadc77cef1\", \"8d3dfc63-d9f8-428b-b609-7118359ca4a4\", \"ed901a1b-8c7b-4726-a861-8d7eb74797e9\"], \"formula\": \"[枚举映射_1] + [原始Hex_4] + [校验码_3]\", \"computedValue\": \"03\"}');
INSERT INTO `instruction_fields` (`id`, `instruction_id`, `parent_id`, `sequence`, `name`, `op_code`, `byte_len`, `endianness`, `repeat_type`, `repeat_ref_id`, `repeat_count`, `parameter_config`) VALUES ('a36a6e56-6edb-40cd-8bab-6fb02aad231b', '29d594d8-5626-47de-9cf6-227ac238d2a0', NULL, 1, '嵌套组', 'ARRAY_GROUP', 0, 'BIG', 'NONE', NULL, 1, '{\"max_count\": 1}');
INSERT INTO `instruction_fields` (`id`, `instruction_id`, `parent_id`, `sequence`, `name`, `op_code`, `byte_len`, `endianness`, `repeat_type`, `repeat_ref_id`, `repeat_count`, `parameter_config`) VALUES ('ae090c0e-7876-48c3-bc03-54ff90317d86', '0a720066-28c6-4b3d-8e82-11c74642705f', '13912173-b860-428a-9d22-9f59c2888fcf', 4, '长度计算_1', 'LENGTH_CALC', 2, 'BIG', 'NONE', NULL, 1, '{\"refs\": [\"d871af64-394c-4a09-9587-edfe2f5fac20\", \"d2553a21-7bbf-4643-8d86-e35b0634ea88\", \"6a344687-dabd-4386-a394-bfcb2ae890cb\"], \"formula\": \"[原始Hex_1] + [嵌套组3] + [枚举映射]\", \"computedValue\": \"??\"}');
INSERT INTO `instruction_fields` (`id`, `instruction_id`, `parent_id`, `sequence`, `name`, `op_code`, `byte_len`, `endianness`, `repeat_type`, `repeat_ref_id`, `repeat_count`, `parameter_config`) VALUES ('aec4b323-3ee6-4e82-8798-a58a55b01f7c', 'c642b7f1-f479-427d-8e32-51d1e2f142fc', NULL, 0, '原始Hex', 'HEX_RAW', 3, 'BIG', 'NONE', NULL, 1, '{\"hex\": \"00DDFF\"}');
INSERT INTO `instruction_fields` (`id`, `instruction_id`, `parent_id`, `sequence`, `name`, `op_code`, `byte_len`, `endianness`, `repeat_type`, `repeat_ref_id`, `repeat_count`, `parameter_config`) VALUES ('b3716c5d-64ae-4422-a36b-f06592975b5c', 'c642b7f1-f479-427d-8e32-51d1e2f142fc', NULL, 3, '长度计算', 'LENGTH_CALC', 2, 'BIG', 'NONE', NULL, 1, '{\"refs\": [\"aec4b323-3ee6-4e82-8798-a58a55b01f7c\", \"d1799dce-a0b7-4bc4-944c-9e03b7c628e0\", \"cba6e2fe-a25e-4860-9f21-d883e456e4c2\", \"b3716c5d-64ae-4422-a36b-f06592975b5c\", \"072bac4e-0193-43a3-93c0-cac72fbdb171\"], \"formula\": \"[原始Hex] + [时间累积] + [校验码1] + [长度计算] + [枚举映射]\"}');
INSERT INTO `instruction_fields` (`id`, `instruction_id`, `parent_id`, `sequence`, `name`, `op_code`, `byte_len`, `endianness`, `repeat_type`, `repeat_ref_id`, `repeat_count`, `parameter_config`) VALUES ('bd8b2ee7-80de-49a8-b03c-a7e738bf8cdb', '29d594d8-5626-47de-9cf6-227ac238d2a0', 'a36a6e56-6edb-40cd-8bab-6fb02aad231b', 6, '校验码_1', 'CHECKSUM_CRC', 1, 'BIG', 'NONE', NULL, 1, '{\"algo\": \"CRC32\", \"refs\": [\"f3cfe898-e89f-4c2f-a79b-2d2d96e24166\", \"e836f8ad-7420-4078-89a2-36d693c9b8f4\", \"290d0025-1cf4-4a29-8b2e-0153e952bb1f\", \"e2c45272-9290-48a7-96f8-d2e209fc4605\", \"4a931b88-df6f-4c99-97dd-75e1e076220d\", \"f99418b5-a080-4b61-88af-13e9fb4a21f7\"]}');
INSERT INTO `instruction_fields` (`id`, `instruction_id`, `parent_id`, `sequence`, `name`, `op_code`, `byte_len`, `endianness`, `repeat_type`, `repeat_ref_id`, `repeat_count`, `parameter_config`) VALUES ('c2f6a1e9-ca88-42c5-b0d2-7a158016a925', 'c2c6da61-c9a7-43e9-bc2e-7340b86dada1', NULL, 2, 'LEN', 'LENGTH_CALC', 2, 'BIG', 'NONE', NULL, 1, '{\"refs\": [\"f7ea45ce-f15d-4792-96c9-760edbb9021c\", \"402f0e7c-c94c-4ee3-993f-1966cefc5f45\", \"6c70c391-2e0e-4470-b172-14f8c1b40638\", \"c2f6a1e9-ca88-42c5-b0d2-7a158016a925\"], \"formula\": \"[原始HexA] + [C] + [校验码] + [LEN]\", \"computedValue\": \"00 05\"}');
INSERT INTO `instruction_fields` (`id`, `instruction_id`, `parent_id`, `sequence`, `name`, `op_code`, `byte_len`, `endianness`, `repeat_type`, `repeat_ref_id`, `repeat_count`, `parameter_config`) VALUES ('cba6e2fe-a25e-4860-9f21-d883e456e4c2', 'c642b7f1-f479-427d-8e32-51d1e2f142fc', NULL, 4, '校验码1', 'CHECKSUM_CRC', 2, 'BIG', 'NONE', NULL, 1, '{\"algo\": \"XOR_SUM\", \"refs\": [\"aec4b323-3ee6-4e82-8798-a58a55b01f7c\", \"d1799dce-a0b7-4bc4-944c-9e03b7c628e0\", \"072bac4e-0193-43a3-93c0-cac72fbdb171\"], \"fixed_len\": 2}');
INSERT INTO `instruction_fields` (`id`, `instruction_id`, `parent_id`, `sequence`, `name`, `op_code`, `byte_len`, `endianness`, `repeat_type`, `repeat_ref_id`, `repeat_count`, `parameter_config`) VALUES ('d1799dce-a0b7-4bc4-944c-9e03b7c628e0', 'c642b7f1-f479-427d-8e32-51d1e2f142fc', NULL, 1, '时间累积', 'TIME_ACCUMULATOR', 2, 'BIG', 'NONE', NULL, 1, '{\"base_time\": \"2026-01-27T10:25:24\"}');
INSERT INTO `instruction_fields` (`id`, `instruction_id`, `parent_id`, `sequence`, `name`, `op_code`, `byte_len`, `endianness`, `repeat_type`, `repeat_ref_id`, `repeat_count`, `parameter_config`) VALUES ('d2553a21-7bbf-4643-8d86-e35b0634ea88', '0a720066-28c6-4b3d-8e82-11c74642705f', '13912173-b860-428a-9d22-9f59c2888fcf', 2, '嵌套组3', 'ARRAY_GROUP', 0, 'BIG', 'NONE', NULL, 1, '{\"max_count\": 1}');
INSERT INTO `instruction_fields` (`id`, `instruction_id`, `parent_id`, `sequence`, `name`, `op_code`, `byte_len`, `endianness`, `repeat_type`, `repeat_ref_id`, `repeat_count`, `parameter_config`) VALUES ('d2a91a87-9d97-462f-9ba7-106238045567', '29d594d8-5626-47de-9cf6-227ac238d2a0', NULL, 2, '长度计算', 'LENGTH_CALC', 1, 'BIG', 'NONE', NULL, 1, '{\"refs\": [\"616edbdf-60af-4de1-9f99-c957234601fa\", \"a36a6e56-6edb-40cd-8bab-6fb02aad231b\"], \"formula\": \"[原始Hex] + [嵌套组]\", \"computedValue\": \"??\"}');
INSERT INTO `instruction_fields` (`id`, `instruction_id`, `parent_id`, `sequence`, `name`, `op_code`, `byte_len`, `endianness`, `repeat_type`, `repeat_ref_id`, `repeat_count`, `parameter_config`) VALUES ('d871af64-394c-4a09-9587-edfe2f5fac20', '0a720066-28c6-4b3d-8e82-11c74642705f', '13912173-b860-428a-9d22-9f59c2888fcf', 0, '原始Hex_1', 'HEX_RAW', 1, 'BIG', 'NONE', NULL, 1, '{\"hex\": \"BE\"}');
INSERT INTO `instruction_fields` (`id`, `instruction_id`, `parent_id`, `sequence`, `name`, `op_code`, `byte_len`, `endianness`, `repeat_type`, `repeat_ref_id`, `repeat_count`, `parameter_config`) VALUES ('db8a936c-288e-4487-8f7a-aebb01d90ac1', '0a720066-28c6-4b3d-8e82-11c74642705f', NULL, 4, '长度计算', 'LENGTH_CALC', 1, 'BIG', 'NONE', NULL, 1, '{\"refs\": [\"13912173-b860-428a-9d22-9f59c2888fcf\", \"4c4a8df0-3d7b-4430-8060-859fa1a163aa\", \"9f26d4d4-74d9-44ae-a48d-21f4d8064490\", \"78e0470c-01c0-4b7d-bcfe-5947ce66fe50\", \"3c662fc6-8c26-42f0-9ff2-d0495b65a6de\"], \"formula\": \"[嵌套组] + [原始Hex] + [时间累积_1]\", \"computedValue\": \"??\"}');
INSERT INTO `instruction_fields` (`id`, `instruction_id`, `parent_id`, `sequence`, `name`, `op_code`, `byte_len`, `endianness`, `repeat_type`, `repeat_ref_id`, `repeat_count`, `parameter_config`) VALUES ('dc114831-a296-4015-8315-ed36cc888e7c', 'a822d6f5-9b07-4d7d-8a17-b9a2c8c6f867', NULL, 3, '嵌套组', 'ARRAY_GROUP', 0, 'BIG', 'NONE', NULL, 1, '{\"max_count\": 1}');
INSERT INTO `instruction_fields` (`id`, `instruction_id`, `parent_id`, `sequence`, `name`, `op_code`, `byte_len`, `endianness`, `repeat_type`, `repeat_ref_id`, `repeat_count`, `parameter_config`) VALUES ('dfe6842f-14c1-44b8-854e-cfbe5c5c27a9', 'a822d6f5-9b07-4d7d-8a17-b9a2c8c6f867', '5de9e521-8c7a-4a9e-8796-89aa0cea09d1', 0, '时间累积', 'TIME_ACCUMULATOR', 8, 'BIG', 'NONE', NULL, 1, '{\"base_time\": \"1980-01-01T00:00:00\", \"computedValue\": \"56 AB 5B 78\"}');
INSERT INTO `instruction_fields` (`id`, `instruction_id`, `parent_id`, `sequence`, `name`, `op_code`, `byte_len`, `endianness`, `repeat_type`, `repeat_ref_id`, `repeat_count`, `parameter_config`) VALUES ('e2c45272-9290-48a7-96f8-d2e209fc4605', '29d594d8-5626-47de-9cf6-227ac238d2a0', 'a36a6e56-6edb-40cd-8bab-6fb02aad231b', 3, '浮点数_1', 'FLOAT_IEEE', 4, 'BIG', 'NONE', NULL, 1, '{\"bits\": 32}');
INSERT INTO `instruction_fields` (`id`, `instruction_id`, `parent_id`, `sequence`, `name`, `op_code`, `byte_len`, `endianness`, `repeat_type`, `repeat_ref_id`, `repeat_count`, `parameter_config`) VALUES ('e836f8ad-7420-4078-89a2-36d693c9b8f4', '29d594d8-5626-47de-9cf6-227ac238d2a0', 'a36a6e56-6edb-40cd-8bab-6fb02aad231b', 1, '枚举映射', 'MAPPING', 1, 'BIG', 'NONE', NULL, 1, '{}');
INSERT INTO `instruction_fields` (`id`, `instruction_id`, `parent_id`, `sequence`, `name`, `op_code`, `byte_len`, `endianness`, `repeat_type`, `repeat_ref_id`, `repeat_count`, `parameter_config`) VALUES ('ed901a1b-8c7b-4726-a861-8d7eb74797e9', '0a720066-28c6-4b3d-8e82-11c74642705f', '09a83a17-34b4-4f59-afea-234e2ce11070', 3, '校验码_3', 'CHECKSUM_CRC', 1, 'BIG', 'NONE', NULL, 1, '{\"algo\": \"ADD_SUM\", \"refs\": [\"9c551ff4-bd7d-4e10-a743-fb5fe1dce555\", \"8d3dfc63-d9f8-428b-b609-7118359ca4a4\", \"35f5b642-c17a-4706-af99-94eadc77cef1\"]}');
INSERT INTO `instruction_fields` (`id`, `instruction_id`, `parent_id`, `sequence`, `name`, `op_code`, `byte_len`, `endianness`, `repeat_type`, `repeat_ref_id`, `repeat_count`, `parameter_config`) VALUES ('f3cfe898-e89f-4c2f-a79b-2d2d96e24166', '29d594d8-5626-47de-9cf6-227ac238d2a0', 'a36a6e56-6edb-40cd-8bab-6fb02aad231b', 0, '时间累积', 'TIME_ACCUMULATOR', 1, 'BIG', 'NONE', NULL, 1, '{}');
INSERT INTO `instruction_fields` (`id`, `instruction_id`, `parent_id`, `sequence`, `name`, `op_code`, `byte_len`, `endianness`, `repeat_type`, `repeat_ref_id`, `repeat_count`, `parameter_config`) VALUES ('f7ea45ce-f15d-4792-96c9-760edbb9021c', 'c2c6da61-c9a7-43e9-bc2e-7340b86dada1', NULL, 0, '原始HexA', 'HEX_RAW', 2, 'BIG', 'NONE', NULL, 1, '{\"hex\": \"0000\"}');
INSERT INTO `instruction_fields` (`id`, `instruction_id`, `parent_id`, `sequence`, `name`, `op_code`, `byte_len`, `endianness`, `repeat_type`, `repeat_ref_id`, `repeat_count`, `parameter_config`) VALUES ('f99418b5-a080-4b61-88af-13e9fb4a21f7', '29d594d8-5626-47de-9cf6-227ac238d2a0', 'a36a6e56-6edb-40cd-8bab-6fb02aad231b', 5, '长度计算_1', 'LENGTH_CALC', 1, 'BIG', 'NONE', NULL, 1, '{\"refs\": [\"f3cfe898-e89f-4c2f-a79b-2d2d96e24166\", \"e836f8ad-7420-4078-89a2-36d693c9b8f4\", \"290d0025-1cf4-4a29-8b2e-0153e952bb1f\", \"e2c45272-9290-48a7-96f8-d2e209fc4605\", \"4a931b88-df6f-4c99-97dd-75e1e076220d\"], \"formula\": \"[时间累积] + [枚举映射] + [浮点数] + [浮点数_1] + [浮点数_2]\", \"computedValue\": \"??\"}');
INSERT INTO `instruction_fields` (`id`, `instruction_id`, `parent_id`, `sequence`, `name`, `op_code`, `byte_len`, `endianness`, `repeat_type`, `repeat_ref_id`, `repeat_count`, `parameter_config`) VALUES ('fdf6c145-d5f3-4c28-8a6a-c57fd1d1140f', '0a720066-28c6-4b3d-8e82-11c74642705f', NULL, 5, '校验码', 'CHECKSUM_CRC', 1, 'BIG', 'NONE', NULL, 1, '{\"refs\": [\"4c4a8df0-3d7b-4430-8060-859fa1a163aa\", \"78e0470c-01c0-4b7d-bcfe-5947ce66fe50\", \"13912173-b860-428a-9d22-9f59c2888fcf\", \"db8a936c-288e-4487-8f7a-aebb01d90ac1\"]}');
